,PACT_CLASS,PACT_MED,CR_TESTED,PACT_CLASS_PRED,PACT_CLASS_RES,PACT_CLASS_ABS_ERR,ADV_TYPE
DTXSID4021185,10,102.5733648,Y,2,-8,8,FN
DTXSID5021201,10,104.7744361,Y,2,-8,8,FN
DTXSID3025178,2,15.92380952,N,9,7,7,FP
DTXSID6047319,2,12.45714286,N,10,8,8,FP
DTXSID4024274,2,13.39382036,N,9,7,7,FP
DTXSID6032641,2,18.74093662,N,9,7,7,FP
DTXSID9047251,1,5.164777908,N,9,8,8,FP
